-490.902252131598,-385.367872381416,-261.349446713667,-374.409415890692,-547.618327260377,-188.344585658429,-342.106470236556,-332.826034087006,-702.156201054121,-310.277666583414,-228.702684125923,-567.905205820803,-220.061209219063,-465.478893783227,-282.122917175548,-480.979042161936,-515.892262054728,-666.874706949793,-373.344442983984,-496.265634887787,-309.000371251751,-306.271198660306,-258.499774607165,-442.418537643833,-215.92986121274,-229.664230380266,-404.668601468793,-332.212018371336,-318.326129379963,-483.288833583586,-682.905417151869,-596.997297208425,-283.105542876535,-560.858168469946,-627.345692257276,-460.506351454253,-411.573516329619,-616.985153134215,-311.492007458178,-756.220182161828,-569.104922682783,-163.571149596334,-551.038822899001,-414.966476406167,-422.138914223507,-680.516809374486,-445.981574427935,-742.522191430531,-462.012106357367
-90.7086604463828,-90.7278493313571,-75.4107384044114,-78.2185991322891,-115.580285777853,-92.8054169540513,-87.8945132489371,-90.2940338830069,-115.983497612224,-111.801713532605,-64.1408696394111,-101.821265750795,-85.8546360555448,-77.0208685634051,-86.0979405747241,-102.948861577527,-78.6659761653984,-124.100840593792,-101.645622269128,-107.531189554198,-98.0511967580327,-104.879333881596,-111.041875815654,-80.440550518439,-114.647319418121,-72.8828491727589,-86.3168602675447,-104.348831728039,-100.670182856316,-89.4208922430924,-113.399993215097,-167.331480927288,-88.4143931470788,-119.857135047377,-101.278633831203,-95.6316230529228,-93.7253571878413,-89.782259100006,-93.2529955199529,-102.838501329006,-91.8822625673311,-87.0532280072374,-115.200203198872,-89.4092479745072,-104.068814744587,-102.64187891363,-94.490775591065,-137.359159530452,-118.819677258638
-82.4880009781058,-82.2659048748997,-69.2682003949278,-73.2534542287564,-102.300766684748,-90.7416907736,-84.1286796685192,-82.2402821014035,-96.8177910187857,-118.352903675829,-61.2024845169502,-87.160900006116,-81.9504876089121,-71.9486263524384,-79.6969104072677,-93.2156492795059,-85.096084760848,-120.924155762322,-85.957517772059,-95.1460864032643,-90.1682012206667,-88.3953697791933,-107.961641342839,-72.8198471218045,-98.1257443458571,-68.0226835185655,-96.2085663196219,-73.3977533977099,-88.5357985203196,-86.0750048599297,-96.8070809753283,-109.559816753814,-87.5675698466709,-127.809316748527,-96.5757762840849,-86.5591656459949,-87.5003246082884,-84.3764645100512,-100.244662345123,-85.4902521916859,-88.0910925736245,-73.9222478007957,-109.678741360929,-97.0347025143094,-101.613524604708,-97.1535736775454,-98.5632526462327,-127.922875970011,-109.558155798108
-86.8750106044008,-86.9775478602488,-69.8565191301996,-75.6743982662337,-100.108930339929,-84.5663867657863,-82.8855760309474,-82.2769298051765,-97.8038736046251,-117.574504525394,-60.8619923268804,-88.8134538750324,-81.5133320149622,-69.1663101884422,-83.3605437012973,-90.4059159732724,-83.2299345997082,-118.660780836514,-85.4668198805836,-95.1001944221336,-90.3160757306911,-91.0128997232101,-104.868291491887,-73.6428309853324,-96.6452249528546,-69.3169051188782,-96.442479523846,-73.4091507203213,-88.6126055420275,-80.9645087051211,-94.2781749708061,-101.812490096696,-84.9116239031804,-125.794655341571,-96.7584707377095,-83.0767446295434,-81.9392683046183,-84.1868911387442,-98.172220185402,-81.9830573677873,-90.747504423313,-73.5965358590536,-106.710689907379,-97.2798967608105,-98.462269907133,-95.8333708689762,-91.7660638354769,-128.658561122513,-109.022914236004
-80.9881086188886,-82.5730854274296,-70.4711220813451,-74.4799121599506,-103.352074712671,-82.8438389451867,-84.9801107767049,-83.0414454634514,-102.387229921701,-117.641598986876,-56.6442079968931,-88.9176494936434,-79.6581805044318,-69.091310097908,-82.8860372149026,-88.9526613835157,-82.9709077194725,-115.332722791868,-82.3933535306198,-93.0311905609881,-90.240405113221,-88.5387994204543,-105.666361028495,-76.0999549469344,-93.5596707973078,-67.0565284728241,-99.0184007925588,-71.6102551810593,-88.0672256255356,-80.7049956204348,-89.4402862861471,-97.9011963921626,-85.022589965546,-137.044177343359,-96.1053322848981,-82.0307966979657,-79.1100044351369,-84.4311491888798,-94.7698907698064,-86.5855087293503,-86.7696986944619,-73.5000208122341,-104.023574563559,-98.3117196094477,-100.547364046593,-99.559218899819,-94.9522155365755,-130.197021848005,-109.797894079382
-85.1680708629222,-84.2028296490114,-66.7277428779863,-77.5622539208794,-101.963433583472,-81.4604275183329,-83.0777849754453,-81.8530772446429,-98.9870850959682,-117.242356974999,-58.7513190104313,-93.5405074679865,-79.3475711285312,-70.7545704220806,-79.7359287334406,-89.9300905824025,-88.5101533553038,-116.559766720056,-78.1695430372066,-95.1054439015009,-93.9048055618738,-88.0446140552419,-104.555787889879,-73.328830726767,-91.782234588135,-68.4216265158403,-103.678432026201,-73.6673201351747,-89.1545029389411,-83.5030586867958,-91.4342550615642,-91.1136377398737,-82.9612188448934,-126.06269472753,-91.6919328402914,-85.5494597192849,-79.8719717002582,-84.2115947671096,-99.2694259507836,-89.0936928359058,-91.6116843791342,-74.1280966857718,-105.586517755589,-103.801259080092,-97.5294265117795,-97.42932162342,-95.49172599447,-121.925168787677,-108.550873364692
-89.454193014612,-84.519981686772,-71.842667484113,-75.9134318784265,-98.553315457328,-82.3552267185718,-83.7938553869944,-82.514353653295,-98.9032880400341,-118.85700589115,-56.7465615490331,-88.1872728407849,-79.7465910135052,-72.7980894862783,-81.1721780837874,-87.8604045521584,-90.191431012982,-117.185210233176,-78.1616163164667,-96.5310453143172,-91.9634753397911,-87.5702891978377,-109.000412698323,-73.6803330092813,-90.3915473944134,-70.3797638451167,-103.961762376582,-73.6584033888269,-91.1393056606416,-83.3977952443787,-87.2119232388246,-92.0658761626345,-83.0526371884169,-127.523137985008,-90.3604045070447,-90.4827908771451,-79.1391963648587,-86.1195929518389,-98.6354501338102,-84.5986448979535,-90.797787517309,-75.7362623602825,-101.301623648863,-105.306853087595,-100.535847706032,-98.872959708785,-93.5192962195996,-120.961948723105,-107.994276216072
-88.3372468590662,-83.7401568914657,-67.6565999937202,-81.7528061403641,-97.5878854310463,-82.2693257964079,-87.0775535270161,-83.8021336286021,-99.4922470223156,-115.53787825723,-57.3351002749788,-87.1343694576292,-78.2798858661507,-75.8914577936984,-80.055819365439,-86.2724445950869,-89.2500830183182,-120.315593713058,-78.7379816655083,-96.219562711501,-90.6387837359579,-86.7987131829406,-108.288443995621,-72.2136857477034,-89.8581876818837,-69.3625917105296,-103.343753707229,-70.7439571670188,-87.7728883010577,-80.7990736830626,-89.1721937569163,-90.5200749659935,-83.2100264480724,-127.051564898309,-92.4043041742596,-83.3432729316444,-89.0683765673133,-86.1208619225015,-96.3610216640423,-86.3920677449523,-93.5322896863537,-75.7258014739871,-102.761665673588,-102.499809887321,-97.0361239830535,-98.6563404394582,-94.1141903365909,-125.95081180576,-109.96467099628
-85.7532802040814,-82.7292686760887,-67.4112285533794,-76.6588189406211,-100.684256346677,-81.397214171599,-86.8465207101751,-84.8494001163229,-99.4649393910675,-124.28949368328,-57.6491201054361,-87.3813317871552,-78.364576834029,-68.6290249331708,-81.6327380956678,-86.7770228820784,-87.0841644226136,-116.744661799847,-81.741734437673,-98.0391867202499,-90.4833135311567,-87.4281023006571,-107.291807627232,-72.2481254177781,-94.5509513424521,-69.7860773218794,-99.6955108839181,-74.3821707998166,-91.9239281991883,-80.01875658843,-90.4823148908426,-96.1004749334648,-81.8932833869419,-125.268954014552,-89.4215522908672,-84.1984985773383,-79.3502794966529,-87.6180142381255,-96.2075609250206,-87.1006521334087,-89.5363231025155,-72.1156567677244,-103.390372033804,-108.64283213771,-96.9500446472621,-96.487471730975,-97.2310945700119,-125.782945263498,-107.671297910324
-92.1195537123618,-86.4839219181749,-78.0944592713763,-76.4791818872295,-97.5168531037544,-85.2635405927822,-88.6910086140016,-85.7999197603645,-100.106836410461,-118.558642406842,-63.2336700796957,-96.9404939476613,-80.7962025804812,-73.9103359973207,-79.5417530990821,-87.4406030300637,-89.1531869687232,-113.388029878905,-82.6073021709773,-95.581273017602,-92.6444480386171,-89.5517464493601,-107.644554701507,-78.4169134975047,-91.9979688146077,-79.2808290033436,-94.2096526281888,-77.3545201677612,-90.6700990923034,-88.6747537004952,-84.6033358502547,-84.1593379793587,-88.6202063634717,-128.927472746419,-95.2815590518083,-86.7398864606144,-84.2139994397235,-95.6710967417915,-98.9285744179318,-95.9584073083948,-93.6549439833294,-81.2986757576384,-106.278629278772,-111.889417014984,-102.163635570208,-99.4906305424411,-93.1102827950184,-105.929081081731,-106.057490146414
-89.0875120076147,-84.6809132017085,-77.4306573579688,-75.4222713551801,-96.6354131374425,-85.834089629576,-89.5250721471272,-86.5907469991086,-101.451987520064,-123.174438002152,-62.7951341538431,-97.3664777793004,-80.5995955360571,-71.7429107821638,-81.7949537207197,-85.8095974758177,-89.5766435643589,-114.838033844606,-85.1634627715075,-96.671279380475,-90.2829519426542,-88.4924515235215,-107.108699300361,-81.2243490611086,-95.8106480012111,-80.6937689912661,-94.5278381624249,-77.7778219637549,-89.3955565778399,-86.8085790756717,-83.6238705238687,-87.6493192042804,-84.9565731648552,-126.108696914591,-92.2425878347096,-87.3772229576642,-79.8614852458289,-90.2216967350526,-97.7645780555158,-101.255718660789,-95.2501693093637,-79.6582196787513,-104.852207496021,-112.788817031921,-103.807747863037,-101.332807633927,-97.781597882458,-107.336708247999,-105.469954880934
-90.7018993366718,-85.4030064381754,-82.1864510450201,-76.4958869642532,-95.4941587008704,-87.7617257967866,-95.8579349017136,-85.4714954456623,-105.763773843219,-121.054759416982,-62.8902382133824,-95.4093738632982,-85.194964538082,-72.1643342087187,-80.6415134551026,-89.1021340115375,-94.9110143898872,-118.336453910719,-84.5726105204792,-97.0314303224019,-90.6762050681354,-90.7326119105761,-106.275786106317,-78.9077730600422,-94.3108499489391,-78.0738938913852,-93.3749154228464,-76.2689582211433,-88.8740878553832,-80.0861090964604,-85.4057424586187,-86.0597635421765,-82.1128351588333,-122.146408348994,-90.1639480795232,-87.1045156330944,-81.6051145871191,-95.1962551250321,-99.6199720230763,-94.9246702024889,-98.6774199040897,-82.6497787392807,-107.934145327528,-109.335637242035,-104.743539948491,-99.0269409430776,-96.310763170425,-109.721195825077,-105.11669991139
-89.3967299116243,-85.0272447982214,-76.3850975616465,-75.8732159568934,-94.4128145466424,-87.3483444398591,-86.4797627055808,-85.0710777943255,-100.166284467097,-121.327581907625,-63.5795204428742,-96.3844196726755,-81.3361305689803,-71.8837788166169,-80.3098905946125,-90.393581375797,-91.184709589272,-114.049636894821,-82.2467941257295,-101.764238689462,-92.0629513728318,-88.3261181539168,-106.958884332386,-77.4116913849545,-94.5747818728559,-78.4611698708259,-93.9683846329858,-76.3138816354572,-90.4792748788675,-88.4918682465512,-83.6194504868859,-86.3138513523625,-84.8974386304383,-122.111507852141,-92.4273302798157,-86.9621151150521,-77.8501233315383,-93.4856571819242,-102.536369889812,-91.0825313801035,-93.2084639326612,-82.9572138371242,-104.356505184352,-109.823378491774,-104.525101156419,-100.174336359482,-94.3230112955895,-106.299350158113,-105.248718952091
-93.034151135069,-86.7319908321903,-78.4207841909768,-76.2666868494925,-96.4342733922265,-88.181748806399,-86.0414053025767,-87.303718531521,-98.6985658825902,-122.784526401364,-62.6622254172753,-95.7584634527947,-81.3970585663739,-75.9756691539172,-79.2606969718512,-86.9229681768648,-89.8657752027271,-114.951378707742,-81.7314828021623,-96.4808787081172,-90.5344873376491,-89.1133669834401,-106.009929261502,-77.6942177935534,-92.2976733917865,-78.4056853017669,-95.0189770413831,-76.0465759044195,-88.0268300639172,-80.293491381979,-82.987034453226,-84.1322207958477,-83.72533814281,-120.999140225154,-88.5856367555829,-86.4447415640895,-78.298904186869,-96.0177220899702,-101.093990701093,-91.9616752479159,-96.6365226017813,-84.4996894091481,-103.704952293861,-112.919029595972,-104.43819617455,-99.5415713338198,-98.3626602844709,-104.586502904497,-105.570206278846
-91.5139975440096,-88.3067049496106,-73.7240153285602,-76.3692325491336,-95.3553662162988,-85.9211554949987,-84.7190511682204,-87.024249449293,-98.5821432580308,-120.140215997927,-64.5799404740152,-94.8476956335862,-80.8199903545097,-73.8705467646036,-79.8322806981905,-85.9236378862466,-90.0303700904918,-114.32707332151,-84.383442717675,-95.7528356423818,-92.3552719324022,-91.7401104462094,-105.633083594343,-77.0852672071299,-96.2303092309328,-78.6652525361639,-92.8694256046548,-75.2002190855796,-87.1086673956116,-79.2145591894499,-84.9901863595791,-83.9452589930945,-82.4867366808247,-119.436555662825,-90.4663338550354,-87.4479175233394,-79.3083668228668,-90.3011546202319,-99.6854273242602,-96.433600052707,-97.3009871231796,-83.3223574313499,-106.328892266052,-114.463131639693,-103.365620237858,-101.67059070712,-96.788245807543,-106.415676803085,-104.828113169256
-93.0825099107533,-86.1475505228838,-77.7124579538226,-76.9096521489508,-94.6507057407809,-88.0257613204408,-87.4473571577838,-88.1534166474044,-97.9869493769016,-121.686554161699,-63.931769224986,-95.1129664023491,-81.7662260349461,-73.1982517971844,-77.9662308037574,-87.0581629328048,-89.1722678148605,-113.708820044097,-84.0372165475622,-96.4574462351646,-90.5577578112908,-91.3608174209764,-106.107973684314,-78.7003118298458,-92.2045262818587,-78.5083437534003,-92.3982072228314,-76.2159825897325,-88.0230051430098,-81.1643088601173,-87.7835099706247,-82.4356310895439,-81.7023295099661,-116.418370188373,-93.959411228732,-89.34788454913,-81.8081937464558,-91.2282364873548,-102.63200970413,-97.4740794268892,-98.0598840938987,-83.7152593440997,-105.51391633837,-115.022672965447,-101.656874885974,-98.6068425879115,-98.0398727118039,-107.770516063858,-104.299661061143
-88.6824709721119,-86.5216265426565,-75.645877867053,-77.0686188158934,-95.7018646368661,-88.1659668055081,-86.7385369999714,-88.2076389913451,-98.2678178549383,-118.585045095315,-62.0941944906653,-94.1867987868787,-79.8657755439517,-75.5831050478271,-79.9755558772349,-87.2554657555386,-90.3484854390061,-112.66695516836,-80.9850024011239,-98.3915541846411,-91.2502695334538,-89.4865392414101,-104.952554394506,-78.9744805565454,-89.5013591602806,-79.1458726633608,-96.1803712894781,-75.5549204437933,-87.8161801406427,-80.7530864498719,-84.7202561305871,-80.8430273730282,-83.7341707065552,-119.85935536589,-95.1616705340923,-86.9935530084707,-79.9944391268939,-91.5647067988248,-99.4882703885706,-94.6818599320567,-100.149605066099,-82.1753478512956,-103.476887970605,-114.269015017792,-102.751870590086,-101.241095417951,-95.6070925807622,-105.424362863118,-106.505600844387
-90.4431508343432,-86.7382516684979,-74.8199077703767,-79.8141258428241,-93.333587811463,-84.9678458359201,-90.3262556415012,-86.9304444401182,-96.6017913730193,-120.007990090566,-64.5606904082254,-93.8563061169644,-80.0236312734201,-75.0752413175928,-78.3122585796922,-87.8644214215614,-90.0513180162476,-113.191847951868,-84.3193680824193,-98.6962243833841,-93.6578062982176,-90.5905258968188,-106.82542681719,-79.4787579205783,-90.9413952164896,-78.7777968256433,-96.6974516661476,-76.3228069181005,-88.6095905319328,-79.6886532304218,-80.8028593641897,-80.3186017494823,-80.9297797413452,-119.708464517024,-94.4374972036865,-87.2918351648384,-78.599980086,-91.1987321523292,-100.121148726357,-95.1810441064058,-100.536182694233,-81.6656949963273,-105.237042906573,-115.235552445158,-104.719538018735,-99.7094049788604,-96.6745938472453,-102.938774860158,-105.125295397147
-90.0067727522781,-87.0551207465952,-75.1990467320137,-78.7736738719753,-93.616127761745,-84.5441311000382,-84.7195494017761,-87.6462871658357,-98.3246119470144,-118.631321301525,-62.3697773647391,-94.1640238623504,-81.2575851981494,-75.0042559166448,-79.2957244651303,-86.7076313613846,-89.3607037147732,-113.588618983683,-81.2723262872183,-93.9000386577282,-92.3469831825536,-91.3453486204743,-106.242355778106,-80.1442794814252,-90.5843398508152,-79.1167761219788,-96.2690915906303,-77.3725536741128,-87.5721372995373,-80.3979987342304,-80.9505479181017,-79.9348894023905,-81.9440810718427,-122.580794764713,-91.0812095366748,-87.5083158499887,-78.8338146498969,-94.3027032985319,-100.779603570866,-94.2683263580535,-99.0711482810573,-82.4266318138761,-103.25879756086,-113.952987466609,-102.089970934147,-102.546925559876,-95.8435315420764,-104.960932838075,-105.405820931792
-91.3129409166235,-85.8123743812666,-76.4800902652081,-76.7869504069406,-96.1277678449465,-85.0677183890791,-85.2222771440816,-87.6844450844958,-96.8273916367889,-120.685409525511,-63.311576807465,-95.8396159826847,-80.3513975380351,-75.5547970642911,-79.7460057177696,-87.1836676258025,-91.2576538733692,-112.730949436583,-81.5148180874954,-100.444422420797,-91.5467283461311,-90.0297348549553,-105.730979144911,-78.9053290223446,-90.5828907914575,-80.0629228680348,-95.7053736795944,-76.3868987312372,-87.550303216612,-80.0728483136108,-82.0566414304292,-79.7426135665983,-81.3416674084473,-123.15634273046,-90.8425908461089,-86.749780255023,-77.6561564935865,-93.5392742698383,-99.014670078451,-93.4712438736761,-95.6628482003856,-82.8070572815795,-104.367173764626,-114.80867999408,-103.194005296352,-100.750176842198,-94.7631888137073,-104.018355416692,-103.44226669192
-91.0492621917954,-86.5284494898662,-77.0092241694988,-79.2815014199502,-96.8817863895368,-85.2453280840596,-85.0518946492752,-86.2055971264788,-97.5598808858283,-121.203774849563,-62.447160413579,-98.2637438990841,-79.0562625407141,-74.8522315841095,-80.5737710816737,-86.1023061111178,-90.4234816843599,-114.492679218369,-80.1738448724124,-95.2504909042758,-94.1116224725,-89.4234773186272,-105.94227380905,-79.1127792057062,-90.4382649935014,-80.536510892386,-97.5778941735324,-75.7226811683123,-86.9940626121069,-80.2226012858532,-81.7468167928257,-79.9494589432258,-83.3191756084414,-123.168276907081,-96.3382665663968,-88.0811543512995,-77.1475276109911,-95.5559716317089,-97.8400899442651,-93.933450941546,-94.8582407976344,-83.4042282435388,-103.378809420622,-114.621669200419,-101.328993436969,-101.398714111229,-97.4050573300689,-104.561309008778,-104.470664662523
-88.9099661922814,-84.7178432600393,-75.7083958540557,-78.9272304873523,-94.4322541074597,-85.2307072314581,-84.827719370556,-87.5226715710996,-97.2374679228108,-124.151967130619,-62.1195838769025,-98.0981371181039,-80.9528785125231,-75.1298638639791,-78.7044491331979,-87.8816237060748,-92.1514965866741,-115.373429841662,-82.9221113580248,-98.5779489913762,-93.0682139225394,-93.0858047451762,-108.641290385579,-78.3083789338901,-92.149276583892,-80.5578001249675,-94.9898917152956,-76.0166335839157,-86.3369116551018,-80.0835707366365,-80.5501294076134,-79.2672815238036,-82.530866263781,-122.808390745957,-90.1083422735809,-87.435221067307,-77.1208565901781,-93.9518257643859,-99.6896011799499,-96.5450440984801,-96.1783011861894,-82.8241756333419,-104.438460292691,-117.417681288756,-105.225545545723,-102.616349261412,-96.1971558824645,-102.456453953761,-103.897401309825
-89.6418253733684,-87.3583057356166,-75.3802462743852,-77.1241176992516,-94.6584255570872,-85.3919619653748,-85.8814431337087,-86.8049852728455,-96.804562721286,-122.052019769146,-63.8561122184365,-93.6092909590867,-79.7371198759167,-73.7187550565081,-79.1533531776604,-86.6380493691442,-91.4714647732933,-115.082924796097,-83.7598418332959,-96.0356872487601,-92.0901551172241,-97.1563263902021,-105.936466834683,-78.8710325371159,-93.7096436457979,-78.3856304388268,-95.5892239772129,-77.1594802863962,-86.5905396733377,-80.7019017027831,-82.5867080509987,-80.7384641815295,-82.7616721922179,-118.333241734442,-90.4880082636388,-87.7267495188727,-76.8977702905264,-92.0433089233068,-98.7706912679232,-94.021458470073,-98.6939796650651,-81.379077504082,-106.583214500188,-114.890640748162,-101.706860063694,-103.398667526814,-97.1981821295673,-103.267842539261,-104.316033470128
-94.5185079541761,-89.9032435146124,-76.7314908498327,-79.0581735197453,-96.7261497134172,-84.1796661997024,-87.0698477091731,-89.3187139563235,-98.6745775608776,-121.11089830459,-61.970506733176,-98.6602891748216,-83.6834134816326,-74.8268732897192,-79.3159904274947,-87.8038776242757,-90.9387068017537,-113.532654447255,-83.6717105460509,-95.6649912750579,-91.3008999887739,-93.3714034013384,-107.646972646112,-79.4561663170505,-91.0551155212321,-81.4378445179072,-95.6444045264879,-76.3991207636019,-90.3006086337363,-80.5225756050054,-82.120156083284,-82.8130541879898,-83.4582094470652,-119.165620643273,-90.3036248222752,-88.3802987331976,-78.2256157675102,-95.1034459136831,-98.8929816075607,-94.205239616582,-98.4174487827562,-81.5186317413985,-103.78105078746,-112.304248797414,-105.804150991328,-104.207300993786,-95.2273215836009,-109.555336310881,-105.830238344662
-94.8205030962149,-86.6646908638466,-75.3429514351391,-80.7194105022631,-95.5358579375495,-85.2979041713731,-85.9448156327259,-85.2136657828945,-103.887298483158,-116.687224105063,-62.3174531122443,-96.319024981746,-81.1710163991445,-70.7985626044001,-78.8641721902507,-86.108616511708,-92.0877776464735,-112.835267371293,-81.1456185920303,-93.1150573394915,-91.4787280599134,-94.7148380454962,-107.003601531317,-81.5309898532465,-90.2258418659129,-81.0663718019794,-95.4535958116342,-75.6139100287988,-88.1582901233737,-80.9101483046768,-83.1471112555372,-81.7705249541928,-82.1221309739611,-122.35818065323,-92.1444514374286,-87.4343316163487,-78.9658737216628,-93.4665334959543,-95.0752576476685,-93.9378769924156,-95.9288918212758,-81.643421452767,-104.057706909811,-110.818791471432,-102.218364744465,-101.888383281085,-94.6441532297076,-106.624095360619,-105.283335424221
-93.05766395911,-86.9332201374088,-74.1377845799635,-77.8389350724819,-96.4128279486015,-83.863892540357,-86.1850562281933,-84.9038562074379,-99.9555240133587,-117.886932150317,-63.5418551430063,-93.1360414091536,-81.5473123448224,-69.6618893509096,-79.8034742777106,-86.5245949323533,-90.9235748682998,-113.631918653391,-84.0872883319692,-94.1442055749519,-91.1805022635234,-92.091278769679,-109.32252673058,-80.2362735524057,-93.7703820747411,-78.4281688487252,-96.0643598159543,-74.6903983825759,-88.485537264306,-82.2242884734745,-84.9324874218261,-83.2896548992451,-82.3609500927881,-122.728387039365,-93.0570506088351,-91.6857559182132,-79.2272202906253,-91.613346933285,-99.9093010571376,-94.2278126125046,-99.1914676162819,-80.2769018125898,-104.852156817294,-109.213376415229,-103.836724148853,-99.0063483902038,-97.8306015611207,-111.255931696203,-107.546764254477
-88.2327337009854,-87.0154977382866,-72.732894853945,-82.0287677698903,-96.5815944398652,-83.60026470459,-84.3909025041738,-83.7151164640075,-97.1226716607497,-116.684536344884,-64.0235773237505,-94.6123601128543,-81.1033186684192,-68.4238348412605,-79.5157903854962,-89.932467773532,-88.707791901434,-119.818876998581,-86.495734857998,-94.7465717311706,-90.5587646130576,-92.128181405815,-107.513203213149,-78.9735603602926,-94.9141546025895,-78.160001317834,-94.8553259618286,-74.9166003172358,-88.3129124820045,-82.4241863890802,-87.2253052065852,-83.4205088758297,-81.7746858604966,-120.670868700025,-90.4150588355931,-91.0939355650084,-78.6716828381314,-90.4049639686992,-97.4332911406223,-97.2817423568837,-92.6178867177711,-79.2817977997752,-105.860756163604,-112.339108014349,-102.091882600848,-99.6809504962211,-98.5102953962811,-111.857953914835,-107.294453611307
-91.1170472998309,-85.4096478146296,-72.7193883269285,-85.263928947885,-93.3356189948063,-84.7219119739137,-84.0124203492306,-85.7409730338728,-95.0974708978499,-117.427205037691,-63.0845426394003,-100.435206205017,-80.1481076925357,-70.9874475219373,-77.0660675882112,-87.9227953998489,-88.1528781900511,-116.934197319366,-87.2615831824179,-96.2947094920949,-94.1850323646302,-89.0509281714103,-104.978871929352,-82.8047606553967,-92.7080515792322,-81.0577504839067,-98.448313145401,-74.4518756401183,-87.0444541874171,-82.6527608770645,-84.342067049627,-79.7069288965755,-82.7810048116013,-123.939648530882,-97.4197557285038,-88.1482733720072,-83.1106039488881,-92.1247049164803,-97.9550570129317,-96.0419108612178,-93.5157543854461,-80.5168195786948,-106.525854093512,-114.757290400321,-101.104328576005,-99.8979212400312,-99.9645170047559,-103.801627842856,-103.738326702562
-91.5075244938883,-86.3425243112133,-73.7066490191184,-80.3751100865565,-96.0166644376678,-83.3772333601027,-85.0470893744332,-85.2401492589629,-100.30207749765,-118.94996860882,-63.7063078025403,-99.1756035209241,-79.7203434669533,-70.4505064919031,-79.6441541273529,-86.7564808523737,-87.5776348182641,-114.479677763185,-85.776128620179,-98.3256644655764,-91.0346765409723,-94.0468325082461,-104.984856990848,-79.9962745480535,-94.1687902514447,-79.5147016630868,-95.3313744958744,-76.2368338178044,-87.9668681618501,-80.4119356675878,-85.9234417801504,-82.9497938282256,-82.1927348580907,-120.552000487512,-94.3464389139261,-91.0014382516876,-81.6181333230138,-90.8113786792818,-101.956219315708,-94.2072650863548,-91.3761015612671,-81.5961901100783,-107.523311574096,-111.334940594967,-101.520943778848,-99.5163383083231,-102.097983020037,-103.798861713461,-107.508314895893
-90.0465820112504,-85.2735546033213,-73.1340922762795,-80.4219222422229,-97.0218855680589,-82.9408214516478,-86.3417677329124,-83.9296973520818,-97.1804258288387,-119.683042032613,-62.4573866928706,-97.0105712659915,-80.1059222933731,-69.1913854501795,-80.0041289835366,-91.5152321544006,-85.6400705417873,-116.058108493721,-84.3292721711372,-95.564315417377,-91.5744027679121,-90.7197447699516,-104.722113241019,-81.3857792349411,-92.3739427656023,-80.7327665781735,-96.8513218874954,-75.8332325939361,-88.2400411026292,-81.2225958635999,-85.2565818301537,-82.8746911298237,-82.8860566596592,-121.846505435742,-92.3287213069132,-87.4110115399753,-81.2208226035426,-89.9193246583085,-100.954486761289,-91.0475527230136,-93.6790367751121,-79.383462946193,-104.844699865089,-109.508349177385,-100.050038869266,-98.8470096120158,-96.5852937352855,-107.775503121729,-111.085323215509
-90.2555315478193,-90.498181100422,-71.2493697150052,-77.6781377797802,-95.2030871903565,-83.7872740025958,-86.9494200937898,-83.9739853949432,-95.8358224531017,-117.46545734885,-64.7263742089347,-96.7620953436666,-81.0688401694883,-73.4993775714025,-81.0085233395437,-90.5969237897706,-88.2728153592696,-117.544809750524,-84.3616533416487,-97.6196967803306,-94.6033554081688,-88.862090512604,-103.880669523186,-81.7312925265273,-94.8368136789193,-83.7975800876766,-94.8229250439049,-76.5052776789154,-90.020175879607,-82.9988618447869,-86.1604658905959,-79.9777194983855,-86.0562921740551,-118.418133449237,-91.4914364838909,-85.3958950393132,-82.6651703469234,-91.4292406441802,-99.5414400151402,-93.8214937414202,-94.1872409693955,-79.2154707596727,-101.413754852592,-111.370753959108,-101.604310856738,-100.482157743461,-97.553793135125,-105.725114483689,-100.801349228074
-90.8045650129352,-88.3116328790746,-72.5342273920182,-79.7983138587334,-94.3495316609277,-84.7802176778629,-83.6428843310726,-82.9338139160806,-95.3859757897246,-116.060942214317,-65.3725470535239,-96.2346341855583,-80.4201228683925,-70.436214853119,-82.1941380468684,-90.9460188534501,-90.5503312142149,-116.423903746809,-86.0546537561237,-99.7311282375336,-94.8280857681405,-89.9477258375809,-104.745363342364,-77.04360522717,-97.9203851729181,-80.7005297876163,-95.204814385112,-75.8699687396425,-87.9923377733003,-83.0596028717049,-88.9095840062744,-81.8387120075709,-84.4535130186892,-124.369557132899,-90.4865120008369,-85.3811313998899,-81.9888974832825,-87.1765642121041,-100.268895686389,-93.7420013036067,-93.6573418247025,-78.3031178306676,-103.343834033221,-109.552381463877,-101.568213499962,-98.4248654695036,-96.254155410204,-106.56847365326,-102.797756762453
-92.1332205598527,-87.5691656601715,-72.7735153842227,-79.6108045885299,-94.8299646375139,-83.2974720270728,-89.7534255438762,-84.162066866157,-98.596512019113,-117.318777270038,-63.6422902317793,-95.0591095957083,-81.4492654147638,-69.0733397167039,-80.9392720964745,-88.6490301946718,-86.0130897734531,-116.621786461081,-81.8929174834755,-96.6265953586965,-93.550686659912,-88.9266999079587,-103.964282426159,-75.7536347264462,-95.2150383703773,-79.6303573808195,-94.3315487635499,-75.9183392103723,-90.3344727993246,-81.5433566409369,-84.3570967246976,-87.4197424983798,-84.5025917966087,-122.247795894838,-91.8781907329876,-84.6228860309458,-81.479326169091,-88.6065442161339,-99.7524984387747,-94.0287476893923,-93.7947773657571,-77.377765838186,-100.183952458159,-110.00625439511,-102.950987634809,-101.456940345124,-94.5360941437064,-110.541634433329,-103.340420354384
-89.5505799366477,-88.5796484493526,-71.7818770231589,-81.4324695439253,-98.3326769722884,-86.1692270002263,-86.5355883271466,-85.7317001581908,-97.2526031245792,-115.631707611063,-66.2566142992245,-95.2663999953116,-81.5531067869422,-72.3311624877167,-79.6284160517456,-91.9407907164125,-89.0241992096015,-113.759034903525,-85.2705259917456,-99.9582130148333,-94.6796519650196,-91.0942798409127,-104.167998152918,-79.2863072313097,-94.1270289577426,-82.0865995966196,-93.9053131936474,-76.2578227605313,-88.8184307103492,-84.2131753782267,-84.7120409296008,-82.9978816005675,-85.485718854793,-119.322525832503,-96.046171228343,-84.8512319106317,-84.3130921022905,-91.8027104473685,-99.0695663704337,-92.752821967437,-95.4962649841074,-78.5004653549541,-100.084182136049,-110.536538387578,-103.8867751621,-101.74233458748,-93.0504874139848,-105.406775408307,-104.794775184155
-90.1138267643661,-88.3300201506597,-71.5576198433566,-82.8941969677635,-98.9503021620935,-85.3825543501196,-87.268320093313,-84.8333657832746,-98.1503068076746,-114.638523577884,-64.2253232072861,-98.8566701192396,-82.0667901925999,-68.8563200217625,-78.3664726491946,-88.3170369219472,-90.7388784957407,-114.501213485254,-91.097637879918,-97.6429674151582,-93.7981477283833,-89.9226657616805,-107.402658995552,-76.758196276795,-95.6076628285784,-79.1437682513968,-95.5952805551776,-75.8624878549953,-89.3744075680552,-80.7136587057205,-87.355435403175,-83.4279880170898,-83.9360859803611,-118.176733646926,-96.3992326737614,-89.2216293723441,-80.7724228932992,-90.6065835555643,-100.133188252902,-92.4444798505854,-94.3623930331344,-78.5448794744618,-101.172401321481,-110.307375638451,-101.95989977116,-101.991675853523,-95.4073316050637,-107.165430538039,-102.655511993046
-92.8380034441822,-86.8046217082806,-72.1556257470013,-79.1536876549046,-96.2676346360479,-84.164195991065,-83.4080459507924,-85.4593578508098,-97.0590569514141,-117.107260244217,-65.5459241459846,-96.7512857908477,-92.3567396925826,-72.1282191222261,-78.4653676846508,-91.6683638939992,-87.3447476959006,-113.868027185616,-86.7020853027547,-99.7066494396907,-91.0475482787172,-90.8921278213089,-106.8121856546,-79.0416966933256,-97.1320915726516,-77.7192038574134,-92.2632787530841,-76.8551795553261,-89.3167091478633,-82.9251969692141,-86.3743586135649,-85.3133711472775,-86.7232134996329,-117.987224697714,-91.7722207681213,-88.5543515302005,-80.7734608765965,-86.974246500239,-102.148048879073,-91.9600187502998,-96.7013076807723,-77.0151208338955,-101.772107564211,-110.216796497259,-101.160294537986,-98.4611847962033,-94.8273137240124,-108.318387043717,-104.29347123133
-91.1049773870333,-86.44615906187,-71.4623699282497,-77.6526898675681,-95.0916696568737,-84.3898325526225,-85.9705571946696,-84.7560536405184,-94.619635992284,-116.467537457096,-68.2890543558752,-95.765080420342,-83.907307216052,-68.6895029839535,-77.9405879792469,-89.8872072137727,-88.5442677159133,-116.356277328566,-88.2328316326353,-103.460762176421,-91.4391561591601,-89.4032967049593,-104.307022155648,-79.3481334707519,-99.6252945612781,-80.6380209782336,-90.6531950850996,-79.2505644242047,-91.7398242558598,-82.0056782122685,-85.6214834241387,-84.3059880162352,-82.9086228637215,-115.433201050943,-93.1292912344218,-85.9770104908591,-79.5726238312976,-85.1723493936832,-100.916472894811,-91.1887119293267,-94.7414509852775,-77.3738005411271,-102.63064827462,-113.146592896326,-100.917669107579,-96.9773178150204,-93.7313306395261,-107.490603392548,-100.606584599912
-91.8161901781412,-86.2298945410397,-73.1801320721542,-78.6406763955338,-94.9555645518411,-83.7157662922787,-84.4721734637403,-85.6042177372715,-97.169882426805,-118.945166193875,-66.2194211221891,-96.2049950758317,-82.5209844167453,-69.2407802957115,-77.4273788691045,-88.2112504276994,-88.6212317221104,-115.206455809446,-82.8676789224351,-99.7026325724875,-90.7418010798606,-88.0642881383565,-103.586402154856,-78.4610470943407,-95.1097666574207,-79.3080856190731,-93.9403970308322,-76.1184976422447,-88.8631592185727,-82.3156464194342,-83.3204626066532,-82.3032624620823,-82.9394342237581,-117.024592121156,-91.9619509385068,-85.6555276955672,-81.8133057018727,-88.1740782959208,-100.532750806333,-93.6052915849994,-93.0909053143815,-78.2361989847419,-103.223429600733,-110.509991322636,-100.185436125893,-99.7857913031249,-94.4207036646907,-107.702076228944,-101.112900977171
-86.9572022978353,-85.9571082229456,-73.5866475944897,-78.0277493844814,-97.5289231406068,-83.1957589948461,-85.3251978288446,-83.9703891084773,-97.3750906109448,-117.997092955126,-63.7429041436551,-94.7847838418824,-82.549807759592,-67.7551933508264,-82.6588877778769,-93.7810796333458,-87.0040560749469,-115.256165454324,-81.5785415262637,-95.9181703973098,-91.1023822999917,-88.0231657137651,-103.533805337151,-78.8265878245157,-95.1742614287814,-75.8025448781893,-96.9281260013946,-75.7972258502843,-90.2402897936753,-80.833510001594,-81.0561640790108,-91.8756672678334,-83.6803021349602,-120.790442260962,-93.2407651278143,-85.4752740065239,-81.4447265279026,-86.8715004644802,-98.0865196749545,-95.467356534118,-93.0290048511529,-77.139634625368,-101.660379543239,-108.981928534346,-99.8121899811555,-96.4780876626069,-94.0546362398448,-108.972379229592,-105.050142658112
-87.701886398877,-88.274932775816,-74.2001202252646,-77.6577976562869,-93.9411783735269,-83.5156788074892,-84.5389327710942,-83.4631514979376,-96.5382280722227,-115.693713327572,-66.404706025607,-95.1763004326656,-82.4040859224473,-71.5519806803286,-80.9880330113828,-90.6516261012916,-85.8872303644236,-115.397580670636,-83.4297346196665,-98.7075695090926,-90.7028106014829,-89.0058444816587,-105.461900230904,-78.3649528982952,-95.8696469218425,-77.5688186471497,-96.1244305864481,-75.705147962552,-89.0432829767502,-81.4970379934004,-84.2886619688733,-81.986873344389,-84.2487982379011,-118.041834510264,-93.7720678985001,-86.4325090023564,-78.5014518066545,-84.9405938716495,-99.3087178546924,-93.8941806201682,-95.2667210097432,-77.8093417892092,-101.398225695213,-110.374293098038,-101.260797558817,-99.0449528290635,-99.5141766924331,-107.97908755263,-107.197187941122
-88.8469018799411,-86.853346002334,-75.1347703222762,-77.5053683645091,-96.5390880186668,-84.3323957857663,-86.6973810992231,-84.7955812720399,-97.4796613385758,-120.134688267077,-71.0368081151703,-91.2490365447854,-84.5304784720452,-71.1823301511263,-78.5660947403614,-92.2979919248478,-85.1457430138745,-113.274319765005,-81.3697004686223,-100.775502275583,-91.96219185548,-88.6762379493962,-103.13869296007,-77.397836836222,-95.7194675581909,-78.1762257002349,-98.0011418574109,-76.1028518593898,-99.9139976178378,-82.5745317813014,-85.5088901058318,-85.7461399572925,-85.3467048686426,-125.23401067279,-92.4509456511976,-84.4595186942424,-85.509814390452,-88.0037061423635,-97.1512045115922,-89.1660551557123,-95.7308543108626,-76.7864363245163,-99.6919956881796,-108.951908959854,-102.270326182321,-95.8053049014924,-95.082205079159,-111.556337315837,-106.579764165202
-87.9735485637698,-95.9455299977564,-73.473676957108,-77.0134217125872,-96.7202887835611,-83.4615452092943,-85.6204894935182,-84.1360582287907,-99.5659128191455,-117.691241222068,-65.070593511278,-91.1784610524315,-82.5137723386562,-70.6737531643967,-80.6385743571557,-93.4808828487257,-88.6559205743649,-116.51228785208,-82.9743271399889,-102.562853864438,-90.7553770346603,-88.5366215528294,-103.596978128266,-76.9268848043278,-93.9585766147624,-77.3492797643063,-92.3886621649038,-75.9383568033041,-90.2603499406928,-82.1536738368126,-86.9149351151247,-87.1134148371033,-82.5120935850068,-118.416157114725,-86.881223035295,-85.0043529657041,-80.0443385058938,-86.1359596414738,-97.7236296609145,-90.1866461917541,-100.483156468556,-75.8329327421058,-102.241550854242,-110.921413593605,-101.047727935247,-96.8409441570691,-94.6684306983501,-110.169187923389,-105.022905591626
-91.8065284183184,-85.681384726538,-72.985450344161,-81.4781877264502,-99.6869033295773,-83.4769384816204,-86.0757757287033,-83.6913819389836,-98.4268805368834,-119.651617512944,-66.2108299604282,-94.641066525251,-82.6409096368547,-68.4477718011563,-80.5161347859579,-91.826805293449,-86.919466874413,-114.179031263274,-83.9468117070869,-102.212712835539,-89.6741695634959,-89.9603514878656,-103.865347295113,-76.1495795970032,-97.9933845700548,-77.8014718757055,-93.0659687936332,-76.6413561867306,-91.412652698711,-80.4518959920827,-93.0990091076046,-86.587776528113,-84.4557692358834,-119.021620503502,-89.0428605395731,-84.5568395230479,-81.4348617643304,-88.6196374911704,-100.170784370189,-90.0160232433817,-94.7723427315163,-75.4590401082034,-100.169113022884,-114.482709117978,-102.20556000199,-94.6049816086348,-95.725999828643,-111.732372989057,-103.195334351146
-91.9048968988042,-86.6053063098782,-74.5109525977282,-78.7256288941873,-95.488655041534,-84.5075432813215,-85.6258382591788,-85.8477247677288,-100.138314352919,-116.588556055987,-66.9476749464965,-97.7988915746232,-83.4952733761524,-69.0265675905098,-81.458566575098,-88.8481893075988,-87.4473659964044,-116.459660916322,-82.2208861143701,-101.751513867911,-91.5440401195996,-89.432975058993,-103.740263537477,-78.410185253045,-92.6033159856837,-77.7381539869583,-94.5874760314167,-77.511688306369,-89.6108671314037,-84.6193006092261,-84.8553367959898,-81.1362130390409,-84.8264355638427,-120.413964899593,-90.9179540828252,-85.0308188529897,-77.5251761757908,-89.8568129348645,-101.012027529009,-93.083268767923,-94.690830927737,-78.7600127255514,-99.4395775271206,-113.326706214464,-101.222504846297,-96.7937611650207,-95.0463582420199,-106.060176640659,-101.981636100614
-89.173774112919,-86.5364725975162,-72.3655458559929,-77.3387998908372,-94.8965928220904,-85.7698271152816,-84.1848581439354,-84.6457921490567,-99.8344378487458,-115.610843638121,-65.5142289161441,-94.8938176639902,-80.8499698981573,-69.1403388856977,-79.3373671016326,-86.9590614679102,-87.5002819062529,-117.986529870008,-81.696341966317,-100.192755281418,-92.4329442776283,-91.472961048945,-103.363931875357,-75.4441769226109,-95.9705937696508,-74.9299634634963,-93.0542258309737,-75.842529472023,-90.0181837064302,-82.3761765643385,-88.7495695858667,-83.2797341546233,-86.123466856904,-121.508536431361,-88.9945662616833,-85.028151705418,-79.1779518575966,-89.776820856638,-100.414757931338,-91.3919202143635,-99.1183372121885,-75.3787179782846,-101.189275540341,-111.501468714583,-102.278394875831,-96.6905793416625,-96.3228506493944,-110.234866722989,-104.973409343964
-90.6102655504814,-88.7603354968834,-73.7041593119216,-76.3871548891526,-99.1683247116112,-88.3897093000053,-86.2332978856574,-87.1680890698498,-99.9052563506373,-115.183986936954,-67.9484483092943,-95.9972030824701,-82.2542947881916,-71.1063727300425,-80.9291803208336,-87.4932692466321,-88.9851218886656,-116.492550338331,-82.9521251668365,-100.328553569727,-89.7106027952877,-90.4137094634333,-102.454199922129,-79.9975882315215,-93.6708974528087,-76.7561213199794,-92.1976641857967,-77.0101925450702,-90.1300550272955,-82.8898562441784,-90.6853990306816,-82.328562239913,-84.8707740037371,-122.231144485583,-90.5935166834906,-87.0310469071864,-83.1376426348863,-88.6505261236277,-102.011796624481,-89.2708726409553,-95.6787042473201,-78.0159182255284,-101.245757181643,-110.513818817816,-101.969566096314,-97.0496692126511,-97.3092130285086,-107.747656520898,-103.048234791309
-92.133377334327,-87.5482494894707,-73.7890560484933,-81.7089833860329,-96.6013877066012,-86.1772877356702,-90.0677539117215,-84.6161761267139,-99.1105711500049,-116.964311526996,-66.9925565183861,-99.4115112995917,-81.8267067528723,-69.2207697716084,-81.6685677886453,-91.4717223664303,-88.3532520788981,-113.215516597617,-84.2443997326918,-101.074300475297,-90.2453431653751,-88.7619500515531,-103.576239181076,-75.946388504657,-94.9449873578342,-77.661266605385,-94.7037208285325,-77.1583062700739,-89.7042676182923,-84.1241479208654,-86.9670887684138,-83.1430582828364,-82.9319464578017,-119.458103881523,-90.0470730828365,-85.4886526306648,-81.8127247489584,-93.6583146697739,-99.7660271788128,-90.9580702389673,-92.3250362626322,-78.5121191407471,-100.384255532301,-110.435446229397,-101.629034776899,-101.861213795398,-96.217122812716,-107.642862433769,-102.849529741474
-92.1592696638773,-88.075686228814,-73.8438797782918,-77.7341658021878,-96.0555636470875,-85.8989675578078,-86.7446244554362,-84.9519387815514,-97.261358836893,-115.188940856305,-67.0558165448831,-95.5404185127445,-81.7994958723478,-70.0351510046217,-81.4847573049988,-91.0598615602271,-85.7245875360851,-114.263067252647,-85.0905783924512,-97.8535181781121,-91.2123817755717,-90.6203897413609,-103.084221335307,-76.2136937003561,-94.68785315656,-78.5269229175005,-97.4669574759119,-75.3372847478383,-88.6444616128385,-83.6708406040977,-83.4176594788558,-82.1855262491765,-84.4780407340693,-117.809683637151,-91.4980578953299,-85.8074123545388,-80.5342241264566,-88.9231344916063,-99.8706927527632,-94.0291181198906,-96.2429985881722,-79.9296106190596,-100.884519562115,-111.534393867848,-100.929878828331,-99.3239184283455,-93.639499216115,-109.126111853515,-102.744428028265
-89.0206930865999,-88.3990813573792,-72.8465070595809,-77.8653334228372,-97.6310247018606,-84.8101086073712,-86.1189771797498,-85.3926746071687,-97.5029439611916,-114.388115681864,-64.2073217530026,-95.5942445967028,-83.5358743272447,-70.351859585003,-80.8512688404431,-90.3860310614741,-88.4613725646399,-114.689045075461,-82.0781934012595,-101.359778912646,-90.0516742752194,-90.898417817324,-103.295164370886,-74.1944810825791,-96.1147493157104,-74.6474306169682,-94.6361898639476,-74.4233515484841,-90.0218438973923,-81.8815266371595,-88.0614522821337,-85.0248858200415,-83.8610036489497,-119.955666081225,-94.1513708381308,-85.5005590657308,-83.7122320079563,-87.4592524278444,-97.7455375992115,-91.1533953310437,-95.6699726879765,-79.4242200358061,-100.789296678664,-109.077200699857,-99.9467314557287,-99.1522422976431,-94.6342528907687,-111.348750067758,-104.182919604319
-92.2434820989453,-93.6454097728349,-72.2903778249899,-80.2962719724162,-94.9466492019633,-84.816123612613,-87.5681965905888,-86.9780768359474,-96.0512412147185,-115.514724316331,-66.83491380639,-95.8207974427313,-82.751356348799,-71.2581322436411,-78.5698823879593,-91.5097340385019,-85.6428243198772,-112.98591980353,-85.4571186482339,-101.64098145987,-93.0214978703294,-90.4801625363641,-103.656997256542,-75.7770461637561,-94.9641512661724,-76.9029716518917,-99.322574448265,-75.295626307112,-88.3563971559175,-82.5378769343005,-89.8547234503947,-83.4476676860325,-84.8363171973672,-117.64923585083,-94.0412585421644,-85.7917276986448,-77.6731744799628,-87.0482759203769,-98.6084779416346,-93.8065958467033,-93.2912937015331,-81.357287923774,-102.736078891939,-110.199439590615,-103.015808447126,-98.9170595885957,-94.1133735275491,-107.724370639365,-102.401378072206
-91.9556088660517,-86.9760181392673,-73.5893243954797,-81.7950235750319,-96.5299215888454,-82.6307878062375,-85.0612558578184,-85.5280071353675,-99.3076587486707,-119.232230053895,-62.693917544972,-95.80203151795,-80.7404462843575,-69.1062805894827,-79.6067748460411,-90.0147958759429,-86.6123610486645,-113.779736521448,-85.2484236427419,-96.6442271806121,-90.8049279501902,-88.9014807995589,-109.77698967657,-75.7953808650192,-95.4987125880483,-76.0049404050868,-95.4976361999415,-75.798064640216,-89.297474976363,-79.5929401960501,-84.2661034149641,-87.405060308989,-83.5189208938362,-123.422524637393,-94.211278239701,-85.0391450896559,-79.4753513633073,-87.7567072961869,-99.2640687216164,-92.0488070948581,-93.479675733267,-77.8170896734362,-100.975230593384,-109.394564010472,-100.270210402003,-102.237223220845,-95.4730962501278,-109.088290666202,-105.188362544523
-90.7895136987762,-88.5993319147688,-73.3619882489752,-77.0658149541457,-94.9549829671078,-84.8647469379293,-86.4507312923261,-84.6272144519183,-98.1189619154135,-117.733437919911,-65.4668282866089,-98.0891233266348,-83.9165751547952,-71.4885929995254,-80.7373964009403,-92.4032719360605,-85.7661000518297,-114.889453732701,-82.1523928064408,-98.4454450732869,-91.17292842036,-88.8262922843039,-103.914817429543,-78.9741673407953,-97.0223072296498,-76.0627547507509,-94.2363712569219,-75.9349880592165,-89.4462099423465,-86.0087888211355,-84.8881829091147,-82.3039653020998,-83.2719038385178,-121.912685752775,-92.78572465372,-85.3940720675704,-79.9183488594196,-88.8740330142441,-98.5603947157365,-90.5934442274906,-95.6181608263095,-78.1413464188022,-100.677377806095,-108.258849588825,-99.1681792331362,-98.0009485699701,-93.592665773486,-107.420435435833,-103.161503107347
-90.1426378332617,-86.0244112986657,-71.6861438088106,-79.2733340341129,-95.3559424133007,-87.6588325478229,-85.5340918014472,-85.2769112002034,-98.0597882159731,-117.978279747321,-65.2335443083205,-98.3295548332025,-82.4023285787015,-70.2120956878779,-79.5475979092761,-90.5606289767652,-86.7724437892425,-114.091888159476,-85.3428274932141,-101.696134309293,-91.1118434003287,-88.2431730093145,-104.930669650165,-75.2914082570243,-97.4235456525386,-77.2300485855079,-92.2268634230673,-77.248753355957,-88.0375269751902,-82.6832508634301,-88.7501171421536,-83.6419277765918,-82.3961607351098,-121.775687574821,-91.261164538412,-85.8117107936081,-77.9434113628824,-86.6320847101231,-101.340788407893,-93.4091388955425,-92.838218699718,-78.0723100719734,-100.904944445034,-110.822566118443,-99.6689100161498,-97.8101934329188,-93.1451944387247,-110.132017001387,-102.140786405366
-88.3950688915684,-88.6820512620754,-73.235429442867,-78.51925901465,-99.3268505299618,-84.9576178748181,-87.013575155468,-86.1168917549725,-100.486728577883,-118.377888632631,-64.30704956372,-93.2622219775932,-80.7020193839211,-69.9630827173704,-79.1991680100112,-97.4839666549132,-85.703094772886,-115.184374369169,-84.3983480851632,-98.2585949605837,-92.651917233237,-88.5925550893661,-105.472807713048,-74.5447055577139,-96.076210778629,-77.9061126413047,-94.9455147013187,-77.76591009961,-89.2799059537079,-82.7375303083669,-84.0877795913755,-84.7880247594999,-82.1497542135994,-126.169874213503,-94.3675037369207,-86.1875214709766,-84.1755093925785,-88.6327344497234,-99.3003966484865,-94.4145361586718,-93.0491664107207,-80.2111797454885,-100.126950771153,-108.182690539905,-100.787813739078,-98.3156302999932,-97.4339359885158,-107.497560610462,-102.846558875636
-88.9145911598432,-88.8900500883448,-72.8230015147207,-76.931404765893,-97.3950468243333,-85.2018740049988,-85.2005561191174,-84.1877542645249,-96.476683264925,-115.634451778939,-65.4078977103159,-95.3488572624402,-81.4764712029263,-70.5065450687345,-81.4070494381637,-91.7129348448608,-85.4721754443312,-114.89210523627,-84.3005954144537,-97.4963906624164,-93.4691839483689,-89.0751369848541,-104.525821631167,-75.9575648144955,-95.2945986964049,-79.5867400863227,-92.9482583620264,-75.7989121343859,-88.9706934676904,-86.8941694612876,-83.1984260992531,-81.5401344218038,-83.6294469520549,-122.201334898107,-94.7271450551256,-85.8489807897294,-86.6108253105067,-88.5476453161848,-99.2880248066053,-90.2758702559163,-94.5132029822988,-78.5915539199737,-101.60713604671,-110.10668241603,-99.2303107149684,-100.795437970903,-98.5054513774276,-105.696387100686,-102.60368230859
-87.7318483788193,-86.566592795467,-71.9442235403516,-77.4356707033661,-95.9120061450872,-84.1378721774434,-85.6076159124906,-85.2180191720255,-100.885059096419,-119.519644927967,-63.8792485465369,-94.3031241458503,-80.8292989190883,-73.2454733439036,-80.0969454054218,-93.6428761092431,-86.3408323259818,-117.146809471205,-83.9751883726148,-97.8737676160546,-91.8195526506336,-89.0508025482183,-108.584205941964,-76.0276221402082,-102.848837243025,-78.0645180576288,-92.208028996337,-76.8911044105736,-90.8228498499285,-83.4369861541577,-84.3713739980657,-84.3282362715195,-82.0020805608546,-122.197187720218,-94.9368658565071,-85.5522805812063,-78.279514410461,-90.3675281863832,-97.7151952160325,-93.2062064960464,-94.058860622093,-76.7165148405863,-101.099177482672,-107.937734127997,-101.452632740949,-100.494900708098,-93.0366331857015,-107.164978462917,-104.460762658431
-90.0408516457891,-87.9077786205728,-72.319545370247,-78.5970761752164,-96.314520781285,-85.5645728435199,-88.2270199457547,-86.8453354895763,-96.3608612196844,-118.522527678185,-64.5126321903524,-97.4937141719378,-81.5591524824207,-72.0291610934438,-79.8990417684811,-93.3541096313229,-85.9137215578119,-112.362679151395,-84.3571736262592,-103.160401939138,-92.1486256621342,-92.0912785406955,-102.712997492499,-77.8337581360103,-95.3189501587401,-79.833342971523,-91.2409031228419,-77.1015686088281,-89.0018619367739,-81.2699164680181,-87.825775981243,-84.4668018068791,-83.1398639813408,-117.145773420336,-92.3331408436399,-85.5613586733419,-79.8634036454021,-89.0490714515227,-99.2748141426091,-93.4690315552014,-94.4632349385785,-77.7124939766188,-102.324981680342,-113.248945904875,-103.575616928722,-96.5190852500794,-93.005105184527,-108.000963449381,-104.369556296623
-89.4802777596339,-84.5539807181872,-73.5612337786088,-77.264195333152,-98.7479863582565,-84.4772638620109,-87.1061868333297,-86.3470897714051,-97.8680083992252,-119.828501071811,-64.3347005939721,-94.7418257899782,-80.383682100338,-70.7349627591672,-77.8146890294801,-88.7228649745357,-87.8965384646073,-116.55626091773,-85.6361579008486,-101.76547349299,-92.5541816471913,-88.3541063800292,-104.035389603713,-77.6450737181815,-97.9974747303669,-77.3824537387646,-93.9433885116861,-76.8879990779666,-88.324761927962,-84.6639983066347,-88.7460554536149,-85.444428438535,-83.2984484088877,-119.174136398571,-94.5840510648619,-85.8773928488172,-80.019482057468,-90.1464336929173,-100.722341872347,-94.964812660401,-92.7341766273167,-77.356012837459,-102.290062071352,-114.353467396258,-101.032436630114,-98.3484070557163,-92.5892801382805,-105.843861840578,-102.017584609651
-89.5860063025318,-85.9300685252611,-71.0158481422491,-77.2539839305204,-93.822050082721,-83.0896673250778,-82.5125662207205,-85.0185191036391,-98.4344508978062,-118.373501850845,-63.6959800637226,-93.2116013748813,-81.9962731532619,-71.3290051226374,-81.1512526342715,-87.8330516635918,-91.0096566967091,-116.722273915212,-86.0018593271238,-97.6803107675392,-92.3489516245287,-89.3890300164272,-105.387057572112,-75.0780557453825,-97.2537337464975,-78.7722215023129,-92.0794591436189,-74.8031091249804,-88.9145565781909,-83.7921449769911,-87.5286019366454,-83.7449020991922,-83.3652867202372,-120.200676593697,-94.3730607399129,-85.5793592080731,-78.3037849529904,-84.9920712016903,-98.7309127820721,-93.2202954470023,-95.8955484029026,-77.0903080916673,-105.921852873114,-109.178354740599,-100.514240945229,-99.7933903644158,-92.9606879843341,-111.276780664319,-103.988847647905
-90.3571130867775,-83.3232840238289,-71.9840168802624,-76.5132753602801,-95.0305453678063,-84.444362473623,-86.7637389713285,-84.4474397242198,-98.9106738729566,-119.956201477362,-61.7173987777376,-93.6130655009345,-81.2024827820176,-71.0377861675437,-81.8505573283298,-86.4545428710683,-89.3805032944213,-114.914587331607,-83.6054561432147,-97.2739824056402,-95.115755247489,-89.1078737495783,-106.532262768441,-73.4703602277803,-96.7617183142861,-77.98322866861,-95.1204003209048,-74.8396256295082,-88.0962993020475,-82.5158044150427,-81.9451994300261,-84.8219621264608,-82.4681522576121,-122.939918230128,-93.1584427459298,-84.4535657271566,-77.8563766980763,-91.0292569050241,-100.950300094985,-90.7392571833178,-92.8754130953375,-78.9199815561729,-99.2497627147199,-110.186546161208,-99.7128930444756,-101.339496855952,-93.0409303159021,-110.225092108199,-104.408690923718
-90.8723419307336,-86.3071536200139,-70.9843192336952,-79.026110789741,-93.115846947795,-82.6264815169898,-86.7267472005762,-84.4292940020358,-101.180799151456,-114.760398039779,-63.4723063373117,-94.0316309236298,-80.8215885580336,-71.7045614501437,-79.905525262314,-88.3561283596819,-88.1682378943091,-114.261300041507,-81.7350168632919,-95.4625859971659,-92.5900654627914,-87.7378601188365,-106.3274684946,-75.1673484209533,-94.4953877743229,-75.106940729914,-98.4197670616538,-73.2381964735899,-88.6743426368835,-81.478736050632,-82.6207231595794,-82.2481427274306,-82.5021763815258,-124.94995481425,-95.3404750198776,-85.7750542050846,-78.264611956869,-86.9480209770441,-99.4596499886497,-92.151598666126,-93.7359489716144,-81.9108892231723,-102.678071650939,-107.042966555336,-99.744476800615,-102.783522777313,-97.8442771205663,-112.724053915679,-104.904230504743
-85.8807520075012,-83.5449288868057,-74.5024748426027,-79.4162643422513,-97.6158758918268,-82.3266816435545,-86.8822527116264,-83.5656442702469,-100.200123837905,-118.334769917976,-61.8833198615504,-92.4371845987032,-80.605753440778,-72.0948138363497,-80.9743994307809,-91.6768584732723,-87.4293274559106,-115.115973252479,-81.1064904571237,-94.0065928216427,-93.2408114438877,-88.5060499973242,-109.769408826992,-73.0512499274167,-92.6164995817734,-73.7381628694027,-102.613163882449,-73.3710175927011,-89.9862347751535,-81.3890271465731,-82.9627654428701,-89.1486929343008,-82.926261291592,-127.307821160288,-93.0069651347929,-85.9745132503104,-78.8558145719049,-87.5285354336078,-97.7150177335306,-89.8530274453359,-94.9095380103934,-79.123906664872,-99.5566466332092,-104.536458194852,-101.574827816424,-102.464414882695,-95.3380618234646,-111.91573534615,-110.127422109645
-86.3634125518308,-85.4598800220046,-72.3195112138784,-78.7183774221799,-95.3303338110982,-83.0349122499387,-84.7516870730897,-80.9442086213342,-100.596677382071,-117.638264242132,-62.4515149362105,-92.8527269545934,-80.0713291437688,-71.8376281754868,-79.6181146044763,-87.897413404204,-87.8779862534363,-117.04197948107,-80.7233770788221,-95.5864559374248,-93.9947003829976,-88.6073251965544,-106.745652511661,-75.395170148512,-95.1409500711448,-72.3643675598647,-97.0320466533552,-72.9694242993428,-88.7248733704653,-82.8295096974475,-82.0281379118459,-86.3272901780354,-81.2065062765299,-126.100966791959,-93.3445198162814,-85.8684548570533,-76.4452395666794,-86.1691068998854,-98.0772416869588,-90.4000767537747,-97.7053299600848,-77.251078353434,-100.761296712852,-106.250486517291,-100.194568666972,-98.9189909502165,-96.1859277889502,-113.326134353942,-105.374983792703
-88.7572861686498,-86.4493528078199,-72.4227340131792,-79.0611599547631,-94.9953603059393,-84.1908128993991,-86.5975685153395,-84.1672948629443,-103.716603093461,-117.88558308872,-64.0750659006462,-91.9303480427618,-80.4243318594204,-70.7023415128988,-79.1111519311117,-88.03440200038,-88.6336097071306,-115.984112396857,-81.9069694967329,-95.1663076561157,-93.5582697246465,-88.3445991924164,-105.030024919125,-74.026592213481,-97.5869616815213,-73.2649795562038,-98.0786670260493,-73.9593559934528,-89.1561371140732,-80.5472304005727,-83.3065372652821,-86.9801496991457,-82.5109000588435,-128.275296085128,-94.0205896942265,-85.2026764442813,-78.1935793937315,-85.6399497331052,-98.8549183630616,-89.3867507689716,-92.379231790961,-81.4725928776321,-100.924428255332,-104.37310606984,-99.1719990259766,-98.4419179837925,-94.5486039014319,-112.293110054265,-106.645615493151
-88.3953453876626,-84.3743982423262,-72.9136001462212,-78.6652280123049,-93.4098792590381,-83.1517639934073,-85.2681165357035,-81.9928927703012,-98.7134430740442,-116.78707980265,-62.6916716485161,-92.1312585795247,-80.844792136046,-72.1864337766372,-79.3801516255883,-87.9994550371361,-89.2665230056951,-115.318836416748,-80.6353733944736,-96.1749555009684,-92.5767429564118,-88.0793417669871,-104.093136613804,-72.9072852921998,-95.8503213070748,-73.9316867372369,-96.6252914982899,-73.6564771205126,-88.2406121344686,-82.2624822711869,-82.8679663144022,-88.5938268372244,-82.7176762259986,-124.419002121295,-91.9216741218821,-85.6134325672758,-76.4295094674991,-87.2977437422873,-97.4227413385107,-92.0054081392857,-92.7747035814194,-76.2269707251643,-101.840404440403,-104.939057585345,-100.184480032145,-99.5461729508789,-97.1013594649139,-110.863661968888,-107.663710793532
-87.1946597463132,-87.6374969325415,-71.4369345172919,-77.4676144256829,-96.5754951289826,-82.7667407545459,-84.8683534316775,-83.4900531443872,-101.748816139418,-117.499349601405,-64.8853542136746,-93.4814723155393,-82.4953382809774,-70.2514665454366,-80.0142461952359,-87.1281496843881,-90.7439799735249,-115.602147817802,-82.2887224930459,-100.942973643192,-92.2462446108523,-88.3641232090677,-104.330442214082,-75.6338121051178,-100.621674848895,-73.6951423122583,-94.4556034916496,-74.2115225105893,-89.7146236837062,-83.5871092498595,-83.6600157532755,-87.3545850565347,-84.5026946723398,-125.617656887563,-93.1127179994102,-85.8611903390515,-77.8835286731617,-85.4581603615107,-96.6632215351292,-95.4145592284177,-93.9138729461649,-76.5620968768289,-102.865046932574,-104.927657983052,-100.613233803577,-98.6159735893394,-94.7348590001095,-110.301795299221,-105.248282834437
